Warming (2deg-years),Utility loss (%CBGE),Mitigation cost (%CBGE),Damage cost (%CBGE),Abat(2030)/.5degC (%),Abat(2050)/.5degC (%),95th damage cost (%BGE),95th max temp (degC)
378.37,2.05,0.01,2.04,1.93,2.03,3.21,8.06
378.56,2.05,0.01,2.04,2.29,2.14,3.20,8.01
380.50,2.06,0.01,2.05,2.05,2.00,3.22,8.06
381.49,2.05,0.01,2.04,2.84,2.20,3.18,7.95
382.40,2.07,0.01,2.06,1.75,1.87,3.26,8.20
383.14,2.06,0.01,2.05,2.40,2.01,3.22,8.04
384.69,2.08,0.01,2.07,0.79,1.43,3.28,8.21
387.19,2.09,0.01,2.08,1.30,1.52,3.31,8.29
387.52,2.08,0.01,2.08,1.19,1.47,3.27,8.16
389.77,2.10,0.00,2.10,0.68,1.24,3.35,8.39
390.56,2.10,0.00,2.09,1.23,1.40,3.29,8.21
392.98,2.11,0.00,2.11,0.84,1.16,3.36,8.39
396.34,2.13,0.00,2.13,0.01,0.70,3.42,8.54
396.81,2.13,0.00,2.13,0.39,0.87,3.38,8.40
401.14,2.15,0.00,2.15,0.00,0.46,3.43,8.52
407.28,2.18,0.00,2.18,0.00,0.05,3.52,8.74
351.32,1.94,0.03,1.91,4.82,3.87,2.92,7.31
352.16,1.94,0.03,1.91,4.63,3.74,2.96,7.45
353.38,1.95,0.03,1.92,4.97,3.84,2.96,7.42
354.26,1.95,0.03,1.92,4.24,3.58,2.99,7.53
355.37,1.96,0.03,1.93,4.14,3.50,3.00,7.56
356.49,1.96,0.02,1.94,4.11,3.47,3.03,7.64
357.39,1.96,0.02,1.93,5.66,3.93,2.96,7.43
357.77,1.96,0.02,1.94,4.23,3.44,3.02,7.59
359.29,1.97,0.02,1.94,4.66,3.58,3.01,7.55
360.46,1.97,0.02,1.95,4.23,3.34,3.01,7.55
361.47,1.98,0.02,1.96,3.76,3.16,3.05,7.66
361.71,1.98,0.02,1.95,4.33,3.30,3.02,7.63
363.03,1.98,0.02,1.96,4.35,3.37,3.05,7.65
364.39,1.99,0.02,1.97,3.68,3.06,3.04,7.64
365.49,1.99,0.02,1.98,3.60,3.00,3.09,7.74
365.75,1.99,0.02,1.97,3.72,3.07,3.06,7.69
367.27,2.00,0.02,1.98,3.85,3.00,3.07,7.70
368.29,2.01,0.02,1.99,2.85,2.64,3.12,7.82
368.73,2.00,0.02,1.99,3.50,2.83,3.08,7.71
370.44,2.01,0.01,1.99,3.97,3.02,3.09,7.80
371.38,2.02,0.01,2.00,2.53,2.39,3.15,7.93
371.84,2.02,0.01,2.00,3.40,2.77,3.12,7.84
372.99,2.03,0.01,2.01,2.78,2.50,3.18,8.00
374.03,2.02,0.01,2.01,3.34,2.65,3.10,7.77
374.85,2.03,0.01,2.02,2.52,2.36,3.16,7.95
376.47,2.04,0.01,2.03,2.08,2.15,3.20,8.03
376.68,2.04,0.01,2.03,2.14,2.13,3.18,7.95
332.46,1.88,0.05,1.83,6.27,4.86,2.79,6.93
333.21,1.88,0.05,1.83,6.33,4.70,2.81,7.03
334.10,1.89,0.05,1.84,5.51,4.56,2.83,7.07
335.13,1.89,0.05,1.84,6.21,4.76,2.79,6.93
335.87,1.89,0.05,1.84,6.00,4.67,2.83,7.06
337.43,1.90,0.04,1.86,5.19,4.30,2.92,7.37
338.49,1.90,0.04,1.85,5.68,4.48,2.84,7.07
339.38,1.90,0.04,1.86,5.38,4.36,2.85,7.09
340.50,1.90,0.04,1.86,6.06,4.60,2.83,7.07
341.38,1.90,0.04,1.86,5.49,4.52,2.82,7.13
342.49,1.91,0.04,1.87,6.36,4.72,2.84,7.10
343.19,1.91,0.04,1.87,5.27,4.21,2.86,7.11
344.39,1.91,0.04,1.87,6.31,4.59,2.85,7.12
345.45,1.91,0.04,1.88,6.16,4.57,2.85,7.13
345.97,1.92,0.03,1.89,5.44,4.20,2.91,7.27
346.99,1.93,0.03,1.89,6.05,4.10,2.91,7.27
348.28,1.93,0.03,1.89,5.86,4.29,2.91,7.26
349.27,1.93,0.03,1.90,5.28,4.11,2.89,7.25
349.97,1.94,0.03,1.91,4.91,3.91,2.96,7.43
350.78,1.93,0.03,1.90,5.74,4.20,2.88,7.20
317.50,1.83,0.07,1.76,7.92,5.93,2.59,6.29
318.24,1.83,0.07,1.76,7.55,5.77,2.60,6.27
319.39,1.84,0.07,1.77,6.75,5.40,2.65,6.38
320.39,1.84,0.07,1.77,7.62,5.72,2.62,6.34
321.36,1.85,0.06,1.79,6.11,4.93,2.73,6.81
322.32,1.85,0.06,1.78,7.99,5.81,2.69,6.67
323.08,1.85,0.06,1.79,7.14,5.39,2.68,6.61
323.82,1.85,0.06,1.79,6.95,5.52,2.71,6.73
325.43,1.86,0.06,1.80,7.08,5.43,2.71,6.62
326.30,1.86,0.06,1.80,7.89,5.69,2.71,6.77
326.88,1.86,0.06,1.80,6.22,5.02,2.72,6.69
328.40,1.87,0.05,1.81,5.84,4.81,2.78,6.90
329.15,1.87,0.05,1.81,7.08,5.18,2.78,7.01
330.47,1.87,0.05,1.81,7.25,5.34,2.73,6.74
331.09,1.87,0.05,1.82,6.89,5.16,2.72,6.66
331.88,1.87,0.05,1.82,6.52,5.06,2.74,6.76
332.87,1.87,0.05,1.82,7.36,5.45,2.69,6.65
334.02,1.87,0.05,1.82,8.53,6.02,2.67,6.63
303.45,1.81,0.09,1.71,8.07,6.09,2.55,6.03
304.21,1.81,0.09,1.71,7.65,6.08,2.52,6.01
305.46,1.80,0.09,1.71,9.18,6.78,2.51,6.03
306.24,1.81,0.09,1.73,6.77,5.73,2.60,6.31
306.80,1.81,0.08,1.72,7.81,6.00,2.55,6.04
308.31,1.81,0.08,1.73,7.92,6.15,2.56,6.12
308.86,1.82,0.08,1.73,7.24,5.95,2.53,6.14
310.46,1.82,0.08,1.73,8.56,6.40,2.58,6.28
311.37,1.82,0.08,1.73,8.65,6.37,2.56,6.14
312.34,1.82,0.08,1.74,7.45,6.02,2.57,6.18
313.33,1.82,0.08,1.74,7.63,5.93,2.55,6.09
314.43,1.83,0.07,1.75,8.65,6.08,2.61,6.26
315.12,1.83,0.07,1.76,6.98,5.65,2.61,6.26
316.39,1.84,0.07,1.76,6.42,5.06,2.61,6.34
316.53,1.84,0.07,1.76,6.80,5.53,2.63,6.33
317.80,1.83,0.07,1.75,9.34,6.47,2.56,6.22
291.36,1.78,0.11,1.67,9.22,6.90,2.48,5.85
291.88,1.78,0.11,1.67,8.70,6.75,2.46,5.81
293.41,1.78,0.11,1.67,9.05,6.93,2.45,5.78
294.50,1.78,0.10,1.68,9.26,6.98,2.49,5.92
295.29,1.79,0.10,1.68,8.40,6.51,2.47,5.79
296.27,1.79,0.10,1.68,8.33,6.45,2.48,5.79
297.44,1.79,0.10,1.69,8.57,6.59,2.47,5.90
298.28,1.79,0.10,1.69,8.56,6.74,2.50,5.95
299.12,1.79,0.10,1.69,9.83,6.95,2.52,5.99
300.19,1.79,0.10,1.70,8.76,6.65,2.50,5.95
301.30,1.79,0.09,1.70,9.02,6.65,2.50,5.88
302.47,1.80,0.09,1.71,8.17,6.40,2.54,6.01
303.30,1.80,0.09,1.71,8.68,6.59,2.53,6.14
303.70,1.80,0.09,1.70,9.32,6.64,2.45,5.84
305.29,1.79,0.09,1.70,11.68,7.62,2.47,5.89
306.37,1.79,0.09,1.70,11.55,7.50,2.43,5.80
281.35,1.76,0.13,1.62,10.96,7.90,2.39,5.66
282.17,1.76,0.13,1.63,9.78,7.45,2.40,5.66
283.09,1.76,0.12,1.63,9.66,7.41,2.40,5.65
284.48,1.76,0.12,1.64,9.89,7.51,2.40,5.63
285.18,1.77,0.12,1.64,9.38,7.07,2.43,5.71
286.35,1.77,0.12,1.65,8.74,6.89,2.41,5.68
287.47,1.77,0.12,1.65,9.31,7.01,2.45,5.75
288.43,1.78,0.11,1.66,9.55,7.01,2.48,5.83
289.46,1.78,0.11,1.66,9.53,7.17,2.44,5.83
290.38,1.77,0.11,1.65,10.38,7.51,2.42,5.71
290.87,1.78,0.11,1.66,10.30,7.34,2.46,5.80
292.45,1.77,0.11,1.65,11.29,8.16,2.39,5.74
293.32,1.77,0.11,1.65,12.16,8.32,2.35,5.68
293.55,1.76,0.12,1.64,14.06,9.22,2.32,5.68
271.08,1.74,0.15,1.59,10.70,7.92,2.36,5.57
272.43,1.74,0.15,1.59,11.73,8.40,2.36,5.56
273.42,1.75,0.14,1.60,9.27,7.38,2.38,5.62
274.49,1.75,0.14,1.61,10.18,7.50,2.42,5.71
275.13,1.75,0.14,1.61,11.37,8.10,2.39,5.63
275.95,1.75,0.14,1.61,11.04,8.05,2.40,5.66
276.89,1.75,0.14,1.61,10.59,7.82,2.38,5.60
278.20,1.75,0.13,1.61,10.88,7.73,2.39,5.65
279.00,1.76,0.13,1.62,9.58,7.27,2.41,5.66
280.38,1.75,0.13,1.62,11.35,8.17,2.36,5.60
280.72,1.75,0.13,1.62,11.37,8.20,2.36,5.57
282.35,1.75,0.13,1.61,12.43,8.95,2.29,5.54
282.95,1.75,0.13,1.61,14.19,9.12,2.28,5.50
284.17,1.74,0.13,1.61,14.17,9.50,2.29,5.56
261.22,1.73,0.17,1.55,12.64,8.79,2.32,5.50
262.40,1.73,0.17,1.55,12.31,8.84,2.28,5.39
263.17,1.73,0.17,1.56,12.74,8.87,2.34,5.55
264.14,1.73,0.16,1.56,12.21,9.08,2.31,5.49
265.41,1.74,0.16,1.57,10.01,7.97,2.31,5.44
266.28,1.74,0.16,1.57,12.04,8.42,2.36,5.59
267.39,1.74,0.16,1.57,12.12,8.37,2.32,5.49
268.48,1.74,0.15,1.58,12.16,8.41,2.35,5.56
269.03,1.74,0.15,1.58,10.10,8.05,2.36,5.56
270.41,1.74,0.15,1.58,12.68,8.89,2.33,5.53
270.99,1.73,0.15,1.58,13.61,8.98,2.31,5.49
271.66,1.73,0.15,1.58,14.65,9.46,2.31,5.51
272.71,1.73,0.15,1.57,14.62,9.70,2.26,5.51
273.69,1.73,0.15,1.57,14.67,9.79,2.21,5.40
253.43,1.72,0.19,1.52,12.12,9.25,2.23,5.28
254.36,1.72,0.19,1.53,11.53,9.14,2.30,5.48
255.45,1.72,0.18,1.53,12.06,9.18,2.24,5.32
256.45,1.72,0.18,1.54,12.89,9.01,2.28,5.42
257.38,1.73,0.18,1.54,12.89,9.07,2.31,5.49
258.47,1.72,0.18,1.54,12.50,9.02,2.28,5.41
259.41,1.72,0.17,1.54,13.35,9.60,2.27,5.39
260.07,1.72,0.17,1.55,12.70,9.13,2.27,5.39
260.93,1.72,0.17,1.55,13.31,9.51,2.28,5.43
262.11,1.72,0.17,1.54,13.16,9.74,2.20,5.30
263.49,1.72,0.17,1.54,15.03,10.45,2.19,5.36
263.64,1.71,0.17,1.54,15.55,10.85,2.21,5.38
265.58,1.71,0.17,1.54,18.09,11.19,2.15,5.24
245.49,1.71,0.21,1.50,14.37,10.14,2.23,5.32
246.36,1.71,0.21,1.50,13.15,9.83,2.19,5.31
247.48,1.71,0.20,1.51,13.70,9.17,2.21,5.29
248.33,1.71,0.20,1.51,12.35,9.47,2.21,5.33
249.37,1.72,0.20,1.51,13.08,9.82,2.26,5.37
250.20,1.72,0.20,1.52,12.33,9.38,2.23,5.30
251.16,1.72,0.19,1.52,14.33,10.10,2.25,5.37
252.34,1.72,0.19,1.52,13.04,9.25,2.26,5.37
253.06,1.71,0.19,1.52,14.28,10.39,2.21,5.30
254.01,1.71,0.19,1.51,14.99,10.63,2.15,5.24
255.30,1.70,0.19,1.51,17.24,11.02,2.12,5.19
255.54,1.70,0.19,1.51,17.51,11.47,2.12,5.21
256.64,1.70,0.19,1.51,17.95,11.69,2.10,5.19
238.47,1.70,0.23,1.47,16.65,10.95,2.15,5.19
239.40,1.70,0.22,1.47,15.33,10.43,2.12,5.13
240.48,1.70,0.22,1.48,14.98,10.44,2.19,5.23
241.47,1.71,0.22,1.48,14.31,9.92,2.15,5.19
242.19,1.71,0.22,1.48,13.11,9.82,2.13,5.07
243.48,1.70,0.21,1.49,14.27,10.46,2.17,5.20
244.45,1.71,0.21,1.49,14.00,10.31,2.19,5.24
244.81,1.70,0.21,1.49,14.56,10.24,2.16,5.22
245.52,1.70,0.21,1.48,16.37,10.86,2.11,5.07
246.75,1.70,0.21,1.48,17.92,11.76,2.10,5.13
247.90,1.69,0.21,1.48,18.28,12.08,2.06,5.08
248.66,1.69,0.21,1.48,18.51,12.37,2.05,5.07
230.39,1.70,0.25,1.44,14.49,10.72,2.07,4.98
231.36,1.70,0.25,1.44,14.82,10.68,2.08,5.00
232.41,1.69,0.24,1.45,16.33,10.96,2.07,5.00
233.35,1.69,0.24,1.45,16.42,11.17,2.08,5.09
234.36,1.70,0.24,1.45,15.32,11.08,2.13,5.13
235.38,1.70,0.24,1.46,14.05,10.18,2.12,5.13
236.18,1.70,0.23,1.47,13.25,10.08,2.11,5.05
237.26,1.70,0.23,1.46,14.46,10.57,2.09,5.02
238.25,1.69,0.23,1.46,17.45,11.30,2.07,5.08
238.58,1.69,0.23,1.46,18.33,11.52,2.06,5.04
240.45,1.69,0.23,1.45,19.82,12.51,2.02,5.01
240.54,1.69,0.23,1.45,20.43,12.79,2.02,5.00
241.54,1.69,0.23,1.45,20.95,12.77,2.00,4.95
224.24,1.70,0.27,1.42,15.79,10.94,2.08,5.02
225.48,1.69,0.27,1.42,16.79,12.15,2.03,4.95
226.45,1.69,0.26,1.43,16.23,12.01,2.07,4.99
227.17,1.69,0.26,1.43,14.91,11.09,2.05,4.96
228.48,1.69,0.26,1.43,15.87,11.10,2.06,4.98
229.24,1.69,0.25,1.44,15.41,11.29,2.05,5.00
230.08,1.70,0.25,1.44,15.90,11.24,2.09,5.03
231.28,1.69,0.25,1.43,19.61,13.04,2.03,4.98
231.86,1.69,0.25,1.43,19.05,11.97,1.98,4.88
232.83,1.68,0.25,1.43,19.73,12.81,1.99,4.93
233.52,1.68,0.25,1.43,19.93,13.52,1.98,4.92
218.38,1.69,0.29,1.40,16.44,12.11,2.03,4.97
219.48,1.69,0.28,1.40,18.15,12.68,2.01,4.93
220.07,1.69,0.28,1.41,17.19,11.84,2.06,4.98
221.46,1.70,0.28,1.41,15.94,11.87,2.04,4.97
222.33,1.69,0.27,1.41,17.21,11.53,2.04,4.94
223.36,1.69,0.27,1.41,17.03,12.50,2.06,5.01
224.28,1.69,0.27,1.41,19.78,12.39,2.03,4.98
224.65,1.68,0.27,1.41,20.31,13.13,2.00,4.93
225.88,1.68,0.27,1.41,20.92,13.84,1.98,4.92
227.17,1.68,0.27,1.40,21.80,14.12,1.95,4.84
227.99,1.68,0.27,1.40,22.14,14.07,1.93,4.83
212.33,1.69,0.31,1.38,17.91,12.97,1.97,4.83
213.46,1.68,0.31,1.37,20.19,12.21,1.90,4.68
214.40,1.69,0.30,1.39,17.60,12.48,2.03,4.92
215.44,1.69,0.30,1.39,18.02,12.58,2.03,4.93
216.49,1.69,0.29,1.39,17.18,12.50,2.04,4.93
217.32,1.69,0.29,1.40,17.42,12.27,2.04,4.94
218.37,1.68,0.29,1.39,19.48,13.39,1.94,4.80
218.60,1.68,0.29,1.39,19.44,13.35,1.94,4.82
219.65,1.68,0.29,1.38,22.20,14.12,1.95,4.88
221.38,1.68,0.29,1.38,22.78,14.75,1.90,4.78
206.50,1.69,0.33,1.36,17.44,12.48,1.95,4.73
207.46,1.69,0.33,1.36,19.75,13.58,1.93,4.78
208.29,1.69,0.32,1.36,20.08,13.51,1.98,4.87
209.46,1.69,0.32,1.36,17.88,13.30,1.91,4.75
210.35,1.69,0.31,1.37,19.14,13.23,2.00,4.88
211.27,1.69,0.31,1.37,16.80,12.82,1.94,4.75
211.97,1.69,0.31,1.37,19.31,12.68,1.95,4.81
212.92,1.68,0.31,1.36,22.16,13.93,1.87,4.67
214.14,1.68,0.31,1.36,22.51,14.73,1.89,4.73
215.37,1.68,0.31,1.36,23.78,15.37,1.87,4.71
215.65,1.68,0.31,1.36,23.70,15.36,1.87,4.70
201.49,1.69,0.35,1.34,18.25,13.38,1.93,4.71
202.39,1.69,0.34,1.34,18.44,13.97,1.85,4.60
203.47,1.68,0.34,1.34,20.26,13.93,1.86,4.62
204.41,1.69,0.34,1.35,18.68,13.57,1.96,4.83
205.49,1.69,0.33,1.35,20.13,13.77,1.91,4.75
206.19,1.69,0.33,1.36,19.07,12.78,1.90,4.70
206.86,1.68,0.33,1.35,21.51,14.62,1.89,4.73
207.51,1.68,0.33,1.34,22.28,15.31,1.85,4.63
209.42,1.68,0.33,1.34,25.69,14.94,1.81,4.56
210.20,1.68,0.33,1.34,26.15,15.86,1.84,4.65
210.68,1.68,0.33,1.34,25.81,16.47,1.82,4.60
196.40,1.69,0.37,1.31,22.79,14.69,1.82,4.56
197.38,1.69,0.36,1.32,20.85,14.22,1.83,4.57
198.45,1.69,0.36,1.33,19.60,14.58,1.87,4.65
199.40,1.69,0.36,1.33,20.99,13.66,1.86,4.62
200.49,1.69,0.35,1.33,20.15,14.06,1.84,4.58
201.25,1.68,0.35,1.33,21.84,14.38,1.83,4.58
201.62,1.68,0.35,1.32,23.18,15.24,1.83,4.57
202.90,1.68,0.35,1.32,26.26,15.51,1.80,4.53
204.09,1.68,0.35,1.32,26.24,16.88,1.80,4.56
205.10,1.68,0.35,1.32,26.01,16.75,1.80,4.56
205.82,1.68,0.35,1.32,27.72,16.71,1.81,4.59
191.43,1.69,0.39,1.30,22.66,15.25,1.80,4.52
192.36,1.69,0.38,1.30,20.60,14.71,1.82,4.56
193.37,1.69,0.38,1.30,22.82,15.34,1.79,4.49
194.31,1.69,0.38,1.31,21.50,14.30,1.86,4.65
195.38,1.69,0.37,1.31,20.82,14.95,1.85,4.61
195.76,1.69,0.37,1.31,21.56,14.97,1.81,4.53
196.68,1.68,0.37,1.31,24.93,16.04,1.80,4.55
197.62,1.68,0.37,1.30,25.44,16.70,1.78,4.49
200.41,1.68,0.37,1.30,27.23,17.47,1.77,4.52
201.27,1.68,0.37,1.30,28.03,17.65,1.75,4.48
186.48,1.70,0.41,1.28,22.46,15.45,1.79,4.52
187.45,1.69,0.40,1.28,21.26,15.93,1.77,4.48
188.43,1.69,0.40,1.29,22.77,15.52,1.78,4.47
189.27,1.70,0.40,1.29,20.42,15.38,1.82,4.57
190.45,1.69,0.39,1.29,23.32,15.08,1.81,4.56
191.25,1.69,0.39,1.29,24.58,15.66,1.77,4.48
192.30,1.68,0.39,1.29,25.86,16.55,1.76,4.48
192.82,1.68,0.39,1.29,27.12,16.56,1.75,4.44
195.15,1.68,0.39,1.29,29.14,17.67,1.73,4.46
182.48,1.70,0.43,1.27,23.29,16.30,1.77,4.47
183.34,1.70,0.42,1.27,23.55,16.53,1.77,4.48
184.44,1.70,0.42,1.28,21.92,16.49,1.81,4.52
185.38,1.70,0.41,1.28,21.37,15.98,1.81,4.54
186.28,1.69,0.41,1.28,24.32,16.42,1.78,4.49
186.52,1.69,0.41,1.28,23.44,16.61,1.76,4.46
187.54,1.69,0.41,1.27,27.10,17.35,1.73,4.41
188.77,1.68,0.41,1.27,29.60,17.63,1.71,4.39
178.43,1.70,0.45,1.25,25.11,16.97,1.75,4.43
179.46,1.70,0.44,1.26,23.47,16.59,1.74,4.42
180.46,1.70,0.44,1.26,26.02,17.44,1.76,4.48
181.43,1.70,0.43,1.26,23.14,16.17,1.74,4.41
182.42,1.69,0.43,1.26,27.09,17.75,1.72,4.40
183.46,1.69,0.43,1.26,27.65,18.10,1.71,4.37
183.58,1.69,0.43,1.25,26.84,18.09,1.69,4.34
184.78,1.69,0.43,1.25,30.89,18.49,1.69,4.35
185.77,1.69,0.43,1.25,32.08,18.87,1.67,4.33
173.47,1.71,0.47,1.23,25.43,18.09,1.73,4.42
174.39,1.71,0.46,1.24,24.60,17.85,1.72,4.40
175.49,1.71,0.46,1.24,23.94,17.62,1.76,4.43
176.46,1.70,0.46,1.24,24.67,17.73,1.72,4.40
177.49,1.70,0.45,1.25,25.72,17.50,1.75,4.44
178.06,1.70,0.45,1.24,26.37,18.15,1.70,4.36
178.85,1.69,0.45,1.24,28.09,18.58,1.69,4.34
180.06,1.69,0.45,1.24,30.61,19.04,1.67,4.32
181.40,1.69,0.45,1.24,31.79,19.09,1.65,4.28
169.48,1.71,0.49,1.22,25.92,18.60,1.68,4.33
170.49,1.71,0.48,1.22,25.57,18.53,1.71,4.37
171.47,1.71,0.48,1.23,24.94,18.01,1.72,4.40
172.47,1.71,0.47,1.23,25.67,18.11,1.69,4.35
173.27,1.71,0.47,1.24,24.34,17.75,1.73,4.40
174.37,1.70,0.47,1.23,29.78,19.01,1.68,4.34
174.95,1.70,0.47,1.22,29.16,19.34,1.66,4.30
175.94,1.70,0.47,1.22,32.22,19.55,1.66,4.29
166.39,1.72,0.51,1.21,25.27,18.67,1.70,4.36
167.49,1.71,0.50,1.21,27.51,19.08,1.67,4.31
168.49,1.71,0.50,1.21,27.05,18.47,1.67,4.31
169.37,1.71,0.49,1.22,26.67,18.93,1.68,4.32
170.08,1.71,0.49,1.21,29.44,19.39,1.67,4.30
170.59,1.71,0.49,1.21,30.43,19.28,1.65,4.26
171.61,1.70,0.49,1.21,32.61,20.37,1.65,4.27
172.61,1.71,0.50,1.21,33.66,21.28,1.61,4.21
162.49,1.73,0.53,1.19,27.30,19.98,1.67,4.29
163.39,1.72,0.52,1.20,27.23,19.62,1.66,4.29
164.37,1.72,0.52,1.20,28.24,19.63,1.66,4.29
165.50,1.72,0.51,1.21,25.59,19.19,1.67,4.30
166.38,1.71,0.51,1.20,30.28,20.07,1.64,4.26
166.67,1.71,0.51,1.20,30.52,20.71,1.63,4.24
167.85,1.71,0.51,1.20,31.82,20.89,1.61,4.20
168.78,1.71,0.51,1.19,34.35,22.02,1.61,4.21
158.39,1.74,0.55,1.18,27.23,20.23,1.66,4.28
159.42,1.73,0.54,1.18,27.66,20.44,1.65,4.26
160.45,1.73,0.54,1.19,27.27,19.92,1.67,4.28
161.39,1.73,0.53,1.19,26.96,19.78,1.68,4.32
162.13,1.72,0.53,1.19,29.51,20.67,1.64,4.26
162.83,1.72,0.53,1.18,31.56,21.01,1.62,4.21
163.96,1.72,0.53,1.18,33.30,21.41,1.59,4.16
165.10,1.72,0.53,1.18,35.51,21.91,1.57,4.15
155.40,1.74,0.57,1.17,27.50,20.78,1.63,4.23
156.50,1.74,0.56,1.17,28.16,20.90,1.63,4.23
157.48,1.74,0.55,1.18,27.68,20.79,1.65,4.26
158.23,1.73,0.55,1.18,27.32,20.76,1.63,4.24
159.36,1.73,0.55,1.17,32.60,21.58,1.59,4.18
159.50,1.73,0.55,1.17,32.54,21.44,1.58,4.15
160.78,1.72,0.55,1.17,34.74,22.40,1.58,4.15
152.47,1.75,0.58,1.16,31.06,21.77,1.62,4.22
153.46,1.74,0.58,1.16,30.24,21.62,1.62,4.23
154.49,1.74,0.57,1.16,29.98,21.10,1.61,4.20
155.49,1.74,0.57,1.16,31.95,21.95,1.58,4.14
156.02,1.73,0.57,1.16,33.41,21.99,1.57,4.15
156.70,1.73,0.57,1.16,35.24,22.82,1.58,4.16
148.47,1.76,0.61,1.15,29.53,22.32,1.61,4.19
149.44,1.76,0.60,1.15,30.51,22.15,1.60,4.18
150.50,1.75,0.60,1.15,30.48,22.40,1.60,4.19
151.50,1.75,0.59,1.15,29.59,21.75,1.59,4.16
152.32,1.74,0.59,1.15,33.11,22.87,1.57,4.14
153.06,1.74,0.59,1.15,35.22,22.98,1.54,4.10
154.45,1.74,0.59,1.15,37.64,23.73,1.54,4.08
145.42,1.76,0.63,1.13,32.47,23.54,1.57,4.14
146.48,1.76,0.62,1.14,31.58,23.10,1.58,4.16
147.43,1.76,0.62,1.14,31.11,22.23,1.58,4.15
148.38,1.76,0.61,1.14,32.21,23.06,1.59,4.16
148.75,1.75,0.61,1.14,33.66,22.83,1.57,4.14
149.70,1.75,0.61,1.14,34.97,23.65,1.53,4.06
151.24,1.75,0.61,1.13,39.90,23.55,1.52,4.05
142.46,1.78,0.65,1.12,30.13,23.42,1.57,4.11
143.47,1.77,0.64,1.12,32.32,23.44,1.55,4.10
144.50,1.77,0.63,1.13,31.26,22.72,1.57,4.11
145.19,1.77,0.63,1.13,32.18,22.55,1.56,4.11
145.97,1.76,0.63,1.13,34.70,24.12,1.52,4.05
146.54,1.76,0.63,1.12,36.57,24.10,1.52,4.04
147.98,1.76,0.63,1.12,40.04,24.78,1.50,4.02
139.48,1.79,0.67,1.11,32.56,24.35,1.56,4.11
140.46,1.78,0.66,1.11,33.93,24.35,1.54,4.08
141.49,1.78,0.65,1.12,32.55,24.10,1.56,4.11
142.40,1.77,0.65,1.12,35.12,24.47,1.53,4.08
143.10,1.77,0.65,1.11,36.55,24.54,1.51,4.03
144.30,1.77,0.65,1.11,38.28,25.78,1.48,3.98
144.60,1.77,0.65,1.11,40.15,25.47,1.50,4.01
136.47,1.79,0.69,1.10,33.70,25.19,1.52,4.04
137.50,1.79,0.68,1.10,34.35,24.60,1.53,4.07
138.49,1.79,0.67,1.11,30.80,24.60,1.55,4.08
139.20,1.78,0.67,1.11,34.10,24.74,1.54,4.08
140.00,1.78,0.67,1.10,37.41,25.27,1.50,4.01
140.67,1.78,0.67,1.10,39.11,25.63,1.49,4.00
142.01,1.78,0.68,1.10,41.13,27.08,1.46,3.94
134.50,1.80,0.70,1.09,33.31,25.14,1.52,4.04
135.36,1.80,0.70,1.10,33.16,25.82,1.51,4.02
136.45,1.79,0.69,1.10,35.98,25.72,1.51,4.03
137.34,1.79,0.69,1.09,39.19,26.21,1.49,4.00
137.73,1.79,0.69,1.09,39.87,26.38,1.48,3.98
138.52,1.79,0.69,1.09,41.74,26.53,1.45,3.93
131.49,1.81,0.72,1.08,35.55,26.48,1.51,4.02
132.48,1.81,0.72,1.08,35.56,26.18,1.50,4.00
133.40,1.81,0.71,1.09,34.65,25.44,1.52,4.04
133.63,1.80,0.71,1.09,37.03,26.28,1.50,4.02
135.20,1.80,0.71,1.08,41.03,27.35,1.46,3.95
128.48,1.82,0.75,1.07,36.80,27.16,1.49,3.98
129.45,1.82,0.74,1.07,36.83,27.22,1.48,3.98
130.45,1.82,0.73,1.08,35.15,26.64,1.49,3.99
130.69,1.82,0.73,1.08,35.06,26.60,1.51,4.02
132.05,1.81,0.73,1.07,40.54,27.11,1.44,3.92
132.51,1.81,0.73,1.07,41.28,27.37,1.44,3.91
126.47,1.83,0.76,1.06,37.07,27.58,1.48,3.98
127.50,1.83,0.76,1.07,37.64,27.05,1.47,3.95
128.28,1.82,0.75,1.07,37.89,27.25,1.47,3.96
128.77,1.82,0.75,1.07,41.15,27.66,1.45,3.94
129.64,1.82,0.75,1.06,43.14,28.18,1.44,3.92
130.82,1.82,0.75,1.06,45.16,29.23,1.42,3.87
123.43,1.85,0.79,1.06,36.27,28.21,1.47,3.94
124.46,1.84,0.78,1.06,37.83,28.16,1.47,3.96
125.49,1.84,0.77,1.06,37.39,28.06,1.47,3.96
125.56,1.83,0.77,1.06,38.16,28.18,1.46,3.94
126.75,1.83,0.77,1.06,42.42,28.82,1.42,3.88
127.95,1.83,0.77,1.05,44.28,29.49,1.41,3.86
121.49,1.85,0.80,1.05,36.93,28.78,1.45,3.91
122.42,1.85,0.79,1.05,37.34,28.53,1.45,3.92
123.35,1.84,0.79,1.05,41.27,28.47,1.44,3.91
123.57,1.84,0.79,1.05,41.77,29.10,1.42,3.89
124.52,1.84,0.79,1.05,44.08,30.00,1.41,3.85
118.47,1.87,0.83,1.04,37.29,29.82,1.45,3.91
119.48,1.86,0.82,1.04,39.13,29.12,1.42,3.87
120.46,1.86,0.81,1.04,38.85,29.23,1.44,3.91
120.78,1.86,0.81,1.04,40.42,29.43,1.43,3.89
121.72,1.85,0.81,1.04,44.70,29.40,1.40,3.85
116.46,1.88,0.84,1.03,38.50,29.93,1.43,3.88
117.48,1.87,0.84,1.03,38.91,30.00,1.42,3.87
118.18,1.87,0.83,1.03,39.88,29.96,1.42,3.87
119.09,1.86,0.83,1.03,45.04,29.99,1.40,3.84
120.39,1.86,0.83,1.03,45.92,30.62,1.36,3.76
114.40,1.89,0.86,1.02,39.27,30.90,1.42,3.86
115.48,1.88,0.85,1.03,40.59,30.68,1.43,3.88
115.88,1.88,0.85,1.03,40.35,30.37,1.41,3.85
116.83,1.88,0.85,1.02,45.56,31.21,1.38,3.80
117.82,1.88,0.85,1.02,46.82,31.97,1.36,3.76
111.49,1.90,0.89,1.01,41.26,31.91,1.39,3.82
112.45,1.90,0.88,1.01,41.41,31.79,1.40,3.84
113.50,1.89,0.87,1.02,41.41,31.34,1.39,3.83
114.31,1.89,0.87,1.01,44.66,31.91,1.37,3.79
115.14,1.89,0.87,1.01,45.42,32.04,1.35,3.75
115.57,1.89,0.87,1.01,47.32,32.22,1.35,3.74
109.50,1.92,0.91,1.00,42.27,32.46,1.39,3.81
110.46,1.91,0.90,1.01,41.30,31.92,1.39,3.82
111.37,1.91,0.89,1.01,42.05,31.74,1.40,3.83
112.09,1.90,0.89,1.01,45.46,32.61,1.36,3.78
113.49,1.90,0.89,1.01,47.43,33.21,1.34,3.73
107.45,1.93,0.93,1.00,44.08,33.35,1.37,3.78
108.50,1.92,0.92,1.00,43.49,32.81,1.37,3.78
109.29,1.92,0.91,1.00,43.74,32.31,1.38,3.81
110.49,1.91,0.91,1.00,48.80,33.48,1.35,3.75
110.82,1.91,0.91,1.00,47.04,33.82,1.32,3.70
105.48,1.94,0.95,0.99,44.39,34.10,1.36,3.77
106.47,1.93,0.94,0.99,43.46,33.34,1.37,3.78
107.33,1.93,0.93,0.99,44.73,33.53,1.36,3.76
107.58,1.93,0.93,0.99,46.66,33.33,1.35,3.76
108.87,1.92,0.93,0.99,50.29,34.18,1.32,3.69
103.42,1.95,0.97,0.98,44.88,34.75,1.35,3.76
104.48,1.95,0.96,0.99,42.77,34.37,1.37,3.77
105.42,1.94,0.95,0.99,47.06,34.14,1.34,3.74
105.81,1.94,0.95,0.98,49.76,34.32,1.34,3.74
106.86,1.94,0.95,0.98,49.55,35.08,1.31,3.68
101.48,1.97,0.99,0.97,45.35,35.47,1.33,3.72
102.48,1.96,0.98,0.98,43.51,34.74,1.36,3.76
103.20,1.95,0.97,0.98,46.01,34.49,1.33,3.72
104.05,1.95,0.97,0.98,49.36,34.94,1.30,3.66
104.74,1.95,0.97,0.98,50.57,35.49,1.30,3.66
99.49,1.98,1.01,0.97,46.70,36.07,1.32,3.71
100.50,1.97,1.00,0.97,44.56,35.96,1.35,3.74
101.24,1.97,0.99,0.97,47.73,35.49,1.33,3.72
101.88,1.96,0.99,0.97,47.39,36.60,1.30,3.66
102.83,1.96,0.99,0.97,51.08,36.27,1.28,3.64
97.49,1.99,1.03,0.96,46.79,36.88,1.31,3.69
98.49,1.99,1.02,0.96,46.56,36.42,1.32,3.70
99.32,1.98,1.01,0.97,48.04,36.32,1.32,3.70
100.22,1.98,1.01,0.96,50.37,36.94,1.29,3.66
101.19,1.98,1.01,0.96,53.85,37.05,1.28,3.63
96.46,2.00,1.04,0.96,47.07,37.47,1.32,3.70
97.36,1.99,1.03,0.96,48.15,36.98,1.32,3.70
97.78,1.99,1.03,0.96,49.23,37.14,1.28,3.62
98.57,1.99,1.03,0.96,52.23,37.47,1.27,3.62
94.50,2.02,1.06,0.95,48.03,38.25,1.30,3.66
95.46,2.01,1.05,0.95,48.01,37.89,1.32,3.68
95.74,2.01,1.05,0.95,51.05,37.56,1.29,3.66
92.46,2.03,1.08,0.94,47.38,39.49,1.29,3.65
93.50,2.02,1.07,0.95,48.14,38.70,1.30,3.66
94.05,2.02,1.07,0.95,50.54,38.74,1.28,3.63
94.94,2.02,1.07,0.94,53.96,39.19,1.26,3.60
90.50,2.05,1.11,0.94,49.08,40.30,1.27,3.62
91.50,2.04,1.10,0.94,49.19,39.46,1.29,3.65
92.04,2.03,1.09,0.94,51.07,39.07,1.29,3.64
92.55,2.03,1.09,0.94,52.60,39.11,1.25,3.59
89.50,2.06,1.12,0.93,49.84,40.71,1.27,3.62
90.29,2.05,1.11,0.94,50.12,40.34,1.28,3.63
90.59,2.05,1.11,0.93,52.23,40.22,1.26,3.60
91.57,2.05,1.11,0.93,56.32,40.66,1.24,3.57
87.48,2.07,1.14,0.93,50.21,41.83,1.26,3.60
88.48,2.06,1.13,0.93,49.80,41.22,1.27,3.62
88.65,2.06,1.13,0.93,50.90,41.00,1.26,3.59
85.46,2.09,1.17,0.92,52.63,42.81,1.25,3.59
86.49,2.08,1.16,0.92,50.92,42.30,1.26,3.59
86.95,2.08,1.15,0.92,50.08,42.16,1.26,3.59
88.10,2.07,1.15,0.92,57.77,41.77,1.23,3.55
84.47,2.10,1.18,0.92,51.53,43.36,1.24,3.57
85.40,2.09,1.17,0.92,53.02,42.46,1.24,3.57
85.72,2.09,1.17,0.92,54.56,42.44,1.23,3.55
82.49,2.12,1.21,0.91,54.75,44.23,1.24,3.56
83.50,2.11,1.19,0.91,51.53,43.92,1.24,3.56
84.19,2.10,1.19,0.91,55.61,42.77,1.22,3.53
84.88,2.10,1.19,0.91,58.28,43.34,1.21,3.52
81.49,2.13,1.22,0.90,53.15,44.80,1.22,3.53
82.38,2.12,1.21,0.91,53.76,44.33,1.23,3.54
82.75,2.12,1.21,0.90,57.79,43.70,1.22,3.53
79.50,2.15,1.25,0.90,54.95,45.99,1.21,3.52
80.49,2.14,1.24,0.90,54.26,45.42,1.22,3.53
81.00,2.13,1.23,0.90,54.86,45.16,1.21,3.52
81.72,2.13,1.23,0.90,61.04,44.97,1.21,3.52
78.48,2.16,1.26,0.89,53.91,46.73,1.21,3.51
79.44,2.15,1.25,0.90,54.57,45.65,1.20,3.51
79.60,2.15,1.25,0.89,57.27,45.45,1.20,3.50
77.49,2.17,1.28,0.89,57.44,47.00,1.21,3.51
78.08,2.16,1.27,0.89,56.94,46.60,1.21,3.51
78.62,2.16,1.27,0.89,61.25,46.37,1.20,3.49
75.47,2.19,1.31,0.88,57.82,47.80,1.19,3.48
76.49,2.18,1.29,0.89,55.32,47.90,1.20,3.50
76.67,2.18,1.29,0.89,57.19,47.40,1.20,3.50
74.49,2.20,1.32,0.88,58.30,48.15,1.19,3.48
75.39,2.19,1.31,0.88,58.04,47.92,1.19,3.48
75.52,2.19,1.31,0.88,60.60,47.69,1.19,3.48
73.50,2.22,1.34,0.88,57.26,49.45,1.19,3.48
74.04,2.21,1.33,0.88,58.50,48.69,1.19,3.48
74.54,2.21,1.33,0.87,64.97,47.73,1.19,3.48
72.49,2.23,1.35,0.87,59.08,49.91,1.19,3.48
72.95,2.22,1.35,0.87,61.86,49.30,1.19,3.47
70.49,2.25,1.39,0.86,60.31,50.97,1.19,3.45
71.50,2.24,1.37,0.87,60.66,50.29,1.19,3.46
71.60,2.24,1.37,0.87,60.85,49.72,1.19,3.46
69.48,2.27,1.40,0.86,61.73,51.67,1.19,3.44
70.45,2.26,1.39,0.86,63.42,50.61,1.19,3.45
70.65,2.26,1.39,0.86,66.28,50.77,1.19,3.46
68.49,2.28,1.42,0.86,60.43,52.62,1.19,3.44
69.27,2.27,1.41,0.86,62.59,51.57,1.19,3.44
69.53,2.27,1.41,0.86,67.63,51.15,1.19,3.45
67.50,2.29,1.44,0.85,63.60,52.95,1.19,3.43
67.99,2.29,1.43,0.85,62.59,52.75,1.19,3.44
66.47,2.31,1.46,0.85,61.93,53.82,1.19,3.43
66.99,2.30,1.45,0.85,63.37,53.31,1.19,3.43
65.50,2.32,1.48,0.85,64.86,54.46,1.19,3.43
65.89,2.32,1.47,0.85,64.05,54.23,1.19,3.43
64.50,2.34,1.50,0.84,64.73,55.32,1.19,3.43
64.91,2.33,1.49,0.84,66.83,54.66,1.19,3.43
63.45,2.36,1.52,0.84,65.73,56.14,1.19,3.43
63.98,2.35,1.51,0.84,67.41,55.47,1.19,3.43
62.49,2.38,1.54,0.83,65.90,57.01,1.19,3.43
63.11,2.37,1.53,0.83,69.69,55.89,1.19,3.43
61.45,2.39,1.56,0.83,67.86,57.73,1.19,3.43
62.00,2.38,1.55,0.83,63.80,56.17,1.19,3.43
60.49,2.41,1.58,0.83,64.76,56.93,1.19,3.43
61.31,2.40,1.57,0.83,70.20,56.64,1.19,3.43
60.33,2.42,1.59,0.82,68.78,58.73,1.19,3.43
60.59,2.42,1.59,0.82,72.93,58.23,1.19,3.43
59.49,2.44,1.61,0.82,71.74,59.18,1.19,3.43
60.06,2.43,1.61,0.82,74.23,58.67,1.19,3.43
58.49,2.46,1.64,0.82,68.92,57.43,1.19,3.43
59.16,2.45,1.63,0.82,72.87,59.06,1.19,3.43
57.49,2.48,1.66,0.81,71.15,58.72,1.19,3.43
58.07,2.47,1.65,0.81,71.45,58.67,1.19,3.43
57.39,2.48,1.67,0.81,73.17,59.49,1.19,3.43
57.59,2.48,1.67,0.81,72.91,61.40,1.19,3.43
56.47,2.51,1.70,0.81,72.73,60.57,1.19,3.43
57.04,2.50,1.69,0.81,73.44,61.24,1.19,3.43
56.18,2.52,1.71,0.81,74.34,60.85,1.19,3.43
56.53,2.52,1.71,0.80,74.42,62.49,1.19,3.43
55.50,2.54,1.74,0.80,74.58,62.11,1.19,3.43
56.40,2.53,1.73,0.80,76.11,63.66,1.19,3.43
55.40,2.55,1.75,0.80,76.11,62.84,1.19,3.43
55.82,2.55,1.75,0.80,76.74,64.46,1.19,3.43
54.95,2.57,1.77,0.80,74.72,64.53,1.19,3.43
54.80,2.59,1.79,0.79,76.06,65.16,1.19,3.43
54.69,2.61,1.81,0.79,76.65,66.15,1.19,3.43
54.70,2.63,1.84,0.79,77.52,68.20,1.19,3.43
54.63,2.64,1.86,0.79,77.34,69.52,1.19,3.43
54.62,2.66,1.88,0.78,77.77,70.89,1.19,3.43
54.62,2.68,1.89,0.78,77.78,71.96,1.19,3.43
